meanfreq,sd,median,Q25,Q75,IQR,skew,kurt,sp.ent,sfm,mode,centroid,meanfun,minfun,maxfun,meandom,mindom,maxdom,dfrange,modindx
0.15660551,0.060294839,0.166609775,0.102094647,0.206361521,0.104266874,3.437858707,17.62566676,0.898750555,0.466106095,0.10231187,0.15660551,0.101872414,0.013020833,0.23255814,0.552423651,0.092773438,0.7421875,0.649414063,0.215896885
0.178618409,0.072884926,0.205609756,0.125853659,0.24,0.114146341,1.679567466,5.848873109,0.940483464,0.602450322,0.209756098,0.178618409,0.111133356,0.016048144,0.16,0.984627016,0.03125,6.6796875,6.6484375,0.21536529
0.235297223,0.030403911,0.237710652,0.220349762,0.255516693,0.035166932,1.745699311,5.142853107,0.826121661,0.129338392,0.220349762,0.235297223,0.178993664,0.04743083,0.279069767,2.515443314,0.0234375,10.7109375,10.6875,0.158605974
0.184853085,0.079328731,0.210448718,0.136410256,0.254871795,0.118461538,1.924517886,7.016930914,0.939643075,0.567738596,0.259358974,0.184853085,0.154314708,0.05510907,0.271186441,1.040178571,0.0234375,5.1796875,5.15625,0.10970516
0.171727314,0.049487021,0.152969825,0.133107464,0.216559026,0.083451562,1.880941194,7.293811612,0.909150765,0.213391433,0.135775543,0.171727314,0.120800724,0.016649324,0.271186441,0.650505515,0.0078125,6.9609375,6.953125,0.141643258
0.229993022,0.040993719,0.239259882,0.209352397,0.259512195,0.050159798,1.838075861,6.443785757,0.869955939,0.1587125,0.257863751,0.229993022,0.191214694,0.016096579,0.275862069,0.2428125,0.0078125,0.6484375,0.640625,0.160365854
0.188897692,0.03853023,0.18584344,0.173803749,0.207453142,0.033649394,3.207139916,14.784439,0.849834978,0.292049492,0.173495039,0.188897692,0.174887226,0.017467249,0.253968254,1.002717391,0.1640625,6.3046875,6.140625,0.254626417
0.163001802,0.058707143,0.17399177,0.103127572,0.205679012,0.10255144,1.550271116,5.280637723,0.930425791,0.481642736,0.194156379,0.163001802,0.108705968,0.020176545,0.246153846,0.655625,0.09375,4.90625,4.8125,0.210836039
0.233010718,0.036847826,0.23379085,0.222810458,0.257124183,0.034313725,2.841943489,12.97693217,0.812505444,0.174512053,0.225555556,0.233010718,0.185070034,0.048289738,0.271186441,1.444550305,0.1640625,12.234375,12.0703125,0.094646325
0.172585728,0.065865991,0.183275194,0.157771318,0.208507752,0.050736434,3.089755012,20.77845428,0.923872435,0.51266214,0,0.172585728,0.172410438,0.016967126,0.258064516,0.552001953,0.0078125,6.53125,6.5234375,0.143094456
0.227683168,0.033163319,0.236039604,0.205148515,0.24990099,0.044752475,1.866182072,5.819220018,0.841532604,0.160282962,0.242376238,0.227683168,0.181120641,0.048338369,0.271186441,1.258246528,0.0234375,11.8828125,11.859375,0.103982974
0.190116065,0.033439226,0.184592593,0.172562963,0.204088889,0.031525926,2.765950468,11.20316981,0.842105081,0.23208782,0.177125926,0.190116065,0.165940251,0.047571853,0.279069767,2.139445755,0.0234375,9.515625,9.4921875,0.186540789
0.231686187,0.034686565,0.236417034,0.221615272,0.247518355,0.025903084,2.607937569,9.611868808,0.806085297,0.171898092,0.236417034,0.231686187,0.192755101,0.047058824,0.277456647,1.31776148,0.0234375,8.0625,8.0390625,0.133203758
0.212329591,0.039209898,0.212297064,0.197789292,0.228255613,0.030466321,2.308645346,8.10150548,0.842868884,0.258285605,0.204559585,0.212329591,0.147316831,0.051009564,0.277456647,1.381097561,0.0234375,11.4375,11.4140625,0.107910948
0.159802012,0.071308281,0.196956522,0.093043478,0.21173913,0.118695652,4.112595664,23.12995494,0.938253948,0.631148109,0.205652174,0.159802012,0.18070962,0.050104384,0.277456647,1.375887784,0.0234375,10.171875,10.1484375,0.142687722
0.112636549,0.085917277,0.103882979,0.024388298,0.196595745,0.172207447,28.20161643,897.422258,0.910823846,0.614424965,0,0.112636549,0.105633312,0.015825915,0.271186441,0.018483232,0.0078125,0.4453125,0.4375,0.05
0.182813026,0.063315371,0.176532399,0.134851138,0.241751313,0.106900175,1.081250779,3.684284061,0.936410461,0.552205971,0.135831874,0.182813026,0.124912932,0.048830112,0.279069767,1.436383929,0.0234375,8.6484375,8.625,0.071495502
0.177583117,0.03883093,0.177975709,0.151902834,0.195546559,0.043643725,1.987101702,7.002656769,0.856226555,0.284067448,0.150769231,0.177583117,0.146794809,0.048,0.275862069,0.977008929,0.0234375,6.4921875,6.46875,0.084541063
0.134785266,0.082020212,0.142052786,0.057067449,0.202404692,0.145337243,1.341973191,5.596725766,0.973843435,0.801312698,0.200351906,0.134785266,0.17986718,0.028520499,0.275862069,0.52173913,0.0234375,3.875,3.8515625,0.153771854
0.181922591,0.030723142,0.182894394,0.170482399,0.193846154,0.023363755,2.797413955,10.32447203,0.80162462,0.197543736,0.191655802,0.181922591,0.162626553,0.020698577,0.197530864,0.509868421,0.1640625,5.7265625,5.5625,0.072290152
0.146393371,0.069031621,0.153437713,0.088250511,0.197848877,0.109598366,2.068225812,8.583528352,0.952793809,0.670801596,0.08596324,0.146393371,0.094444023,0.026622296,0.25,0.521925403,0.015625,3.515625,3.5,0.227604167
0.182572402,0.030223563,0.183141631,0.169922747,0.196841202,0.026918455,2.562126884,9.811943721,0.832675865,0.203435915,0.186987124,0.182572402,0.165648614,0.016096579,0.271186441,0.912446121,0.0078125,6.46875,6.4609375,0.201373294
0.189935652,0.055709893,0.199165217,0.184069565,0.216695652,0.032626087,3.418353969,16.59484908,0.862720339,0.368706604,0.198191304,0.189935652,0.175850985,0.047477745,0.272727273,1.116727941,0.0234375,8.390625,8.3671875,0.066126451
0.189499818,0.061868637,0.187449664,0.162550336,0.246644295,0.08409396,1.296805776,4.223819614,0.916869257,0.426280062,0.170067114,0.189499818,0.118027148,0.047571853,0.277456647,0.6375,0.0234375,4.359375,4.3359375,0.128992629
0.151462714,0.067562061,0.175596107,0.105085158,0.197226277,0.092141119,2.303376983,8.258878167,0.932010014,0.594162661,0.18513382,0.151462714,0.17776974,0.01836969,0.262295082,1.411458333,0.0078125,6.125,6.1171875,0.277100507
0.210748881,0.032271065,0.20979351,0.198230088,0.227551622,0.029321534,2.694877068,10.39951312,0.823666402,0.200992508,0.19699115,0.210748881,0.171741853,0.048533873,0.279069767,1.374202806,0.0234375,5.8125,5.7890625,0.108391608
0.183109873,0.070924936,0.194513274,0.133495575,0.246238938,0.112743363,1.372064516,4.554386499,0.946217294,0.637123448,0.243761062,0.183109873,0.120867692,0.037383178,0.253968254,0.696875,0.0078125,5.8203125,5.8125,0.105342742
0.167119878,0.060909655,0.159188691,0.112206515,0.224757222,0.112550707,2.659695426,12.05930119,0.912057418,0.413139856,0.110485556,0.167119878,0.111678906,0.021834061,0.25,0.517578125,0.004882813,0.786132813,0.78125,0.375
0.196425258,0.058822375,0.218674352,0.138386167,0.24167147,0.103285303,2.268503158,9.747769457,0.89265068,0.358771516,0.218270893,0.196425258,0.118526221,0.041237113,0.222222222,0.952302632,0.125,6.6484375,6.5234375,0.218097139
0.172242859,0.054806468,0.188347458,0.127245763,0.203177966,0.075932203,4.805772648,30.75095976,0.875926547,0.342791543,0.189533898,0.172242859,0.094400516,0.022284123,0.210526316,0.241365132,0.0078125,0.828125,0.8203125,0.269642857
0.196899113,0.049470832,0.208224299,0.190280374,0.222803738,0.032523364,2.640856277,9.831458371,0.869026888,0.372147595,0.220186916,0.196899113,0.157693181,0.046920821,0.274285714,1.999865302,0.140625,9.5625,9.421875,0.136060768
0.105873231,0.08975538,0.097245509,0.015808383,0.189700599,0.173892216,24.26769267,678.3353553,0.906791397,0.612514535,0,0.105873231,0.102800059,0.016649324,0.271186441,0.020507813,0.0078125,0.3984375,0.390625,0.067096774
0.200791916,0.047446889,0.208073394,0.193944954,0.220917431,0.026972477,2.694656925,10.2304466,0.860974428,0.35523219,0.194373089,0.200791916,0.16750425,0.049029622,0.279069767,1.38515625,0.09375,9.328125,9.234375,0.135575296
0.23530398,0.037734425,0.240384615,0.224230769,0.258076923,0.033846154,2.106293475,6.923866803,0.831855965,0.200270584,0.249615385,0.23530398,0.190715841,0.049230769,0.277456647,1.272321429,0.0234375,11.1796875,11.15625,0.058356676
0.217266096,0.043050491,0.226269368,0.201573302,0.244290822,0.042717521,2.00393526,6.239167048,0.854836057,0.263873414,0.238617402,0.217266096,0.174640107,0.048338369,0.279069767,1.532366071,0.0234375,9.234375,9.2109375,0.144304998
0.13755588,0.086889033,0.173206198,0.045387366,0.212586412,0.167199046,1.210789535,3.693392976,0.954676022,0.704138526,0.199570918,0.13755588,0.198798422,0.077669903,0.275862069,0.520220588,0.0078125,3.2265625,3.21875,0.194023058
0.191968913,0.060011563,0.190430108,0.138870968,0.247634409,0.108763441,1.358695893,4.610664177,0.9131136,0.375117149,0.145645161,0.191968913,0.137188451,0.047619048,0.279069767,1.643229167,0.0234375,8.15625,8.1328125,0.10827501
0.154292082,0.059307236,0.15755627,0.09903537,0.200546624,0.101511254,3.548323452,18.18340533,0.892388527,0.426589787,0.101511254,0.154292082,0.098489998,0.04587156,0.105263158,0.525483631,0.09765625,1.040039063,0.942382813,0.728497409
0.20093995,0.059097833,0.225180723,0.13873494,0.252168675,0.113433735,1.514458414,4.81931881,0.886084652,0.260091008,0.255120482,0.20093995,0.116426431,0.047856431,0.256684492,0.990998641,0.140625,5.296875,5.15625,0.062878788
0.16050064,0.061583008,0.16834891,0.103146417,0.20847352,0.105327103,2.427078817,10.44412013,0.925987877,0.512158688,0.103146417,0.16050064,0.112261708,0.032051282,0.277777778,0.987881747,0.004882813,3.999023438,3.994140625,0.280183956
0.136357873,0.081464777,0.120068611,0.071560892,0.21724414,0.145683248,1.909201574,7.550408516,0.958706871,0.717075601,0.111903945,0.136357873,0.109436728,0.027538726,0.258064516,0.409667969,0.0078125,3.9921875,3.984375,0.074374577
0.125046513,0.074483506,0.114757744,0.064940429,0.182811755,0.117871326,2.096057426,13.90049827,0.966506126,0.752876019,0.060047657,0.125046513,0.099437994,0.017094017,0.262295082,0.735795455,0.0234375,5.640625,5.6171875,0.165646732
0.1414194,0.073749274,0.140325834,0.083413499,0.208099302,0.124685803,1.500373351,5.68581657,0.967773884,0.748328142,0.104049651,0.1414194,0.107724728,0.020806242,0.213333333,0.412860577,0.0078125,2.9921875,2.984375,0.14052356
0.13340514,0.08826444,0.128546825,0.052744887,0.222583423,0.169838536,28.97624149,990.7798885,0.888299342,0.503554537,0,0.13340514,0.10690366,0.015670911,0.271186441,0.0078125,0.0078125,0.0078125,0,0
0.207560875,0.070830112,0.22359974,0.209954516,0.259077323,0.049122807,3.139242909,13.87194644,0.884730106,0.407518273,0.277089019,0.207560875,0.152966523,0.018691589,0.275862069,0.70014881,0.03125,6.5703125,6.5390625,0.163242708
0.157271986,0.072215188,0.153149171,0.101583794,0.224825046,0.123241252,1.915627899,7.560274795,0.961564377,0.766334259,0.225856354,0.157271986,0.105101662,0.023289665,0.195121951,0.339583333,0.1484375,0.7265625,0.578125,0.315637066
0.187086554,0.058005197,0.197948718,0.135384615,0.231794872,0.096410256,0.962666919,3.609033437,0.927410138,0.4035655,0.114358974,0.187086554,0.117747296,0.047058824,0.274285714,1.184765625,0.0234375,8.625,8.6015625,0.115472421
0.221137234,0.037263248,0.218693982,0.20184379,0.249167734,0.047323944,2.053654654,7.487246516,0.853367516,0.216921378,0.201126761,0.221137234,0.178966943,0.063576159,0.277456647,1.073167067,0.0234375,5.765625,5.7421875,0.113452728
0.223115588,0.029917665,0.226448087,0.205537341,0.239708561,0.03417122,2.014423257,6.407513313,0.822419985,0.142725619,0.238688525,0.223115588,0.17926047,0.048979592,0.277456647,0.885267857,0.2109375,3.9375,3.7265625,0.109086966
0.199174754,0.059677774,0.222542113,0.138499234,0.254701378,0.116202144,1.095291758,3.360566573,0.896998269,0.305820776,0.2581317,0.199174754,0.131736517,0.047384008,0.279069767,0.682679521,0.0234375,7.6875,7.6640625,0.087760472
0.163490852,0.062383046,0.171024623,0.146783161,0.206386021,0.059602859,3.825075621,41.43814094,0.906536537,0.43874395,0,0.163490852,0.137827233,0.026936027,0.213333333,0.186298077,0.0078125,0.84375,0.8359375,0.07306712
0.236634528,0.033556619,0.243338789,0.21400982,0.263502455,0.049492635,1.693354026,4.969441475,0.83159813,0.130052504,0.253420622,0.236634528,0.176764645,0.046920821,0.279069767,2.002604167,0.0234375,12.328125,12.3046875,0.155736961
0.177694879,0.050392319,0.191952535,0.128824164,0.219439051,0.090614887,1.377182191,4.474583513,0.915823507,0.234360075,0.120064725,0.177694879,0.115067414,0.019753086,0.246153846,0.944196429,0.1015625,5.296875,5.1953125,0.157567833
0.170752494,0.057956567,0.182833676,0.115564682,0.21301848,0.097453799,1.387754357,4.797793939,0.924298156,0.406651613,0.102340862,0.170752494,0.108997908,0.01843318,0.186046512,0.591045673,0.09375,3.6796875,3.5859375,0.232592593
0.17316515,0.071724364,0.160944882,0.128314961,0.24296063,0.114645669,1.260991107,3.639199528,0.946768856,0.639314478,0.246047244,0.17316515,0.135477245,0.048192771,0.277456647,1.009992733,0.0234375,8.296875,8.2734375,0.121123957
0.188718626,0.026235722,0.189836478,0.176100629,0.201459119,0.025358491,2.615827864,9.603400844,0.806330949,0.153017874,0.188427673,0.188718626,0.180615596,0.026058632,0.246153846,0.491796875,0.1640625,6.1796875,6.015625,0.106493506
0.106860842,0.086955451,0.10067086,0.01408805,0.191949686,0.177861635,23.86044523,615.5273912,0.852858429,0.557141931,0,0.106860842,0.094922696,0.015794669,0.262295082,0.0078125,0.0078125,0.0078125,0,0
0.179085045,0.055681078,0.188814159,0.125380531,0.216070796,0.090690265,1.245531192,4.609195432,0.926294936,0.424564358,0.197734513,0.179085045,0.114158065,0.047105005,0.277456647,0.683728448,0.0234375,8.015625,7.9921875,0.048631476
0.185796248,0.070828739,0.202539683,0.127301587,0.251111111,0.123809524,1.477542877,4.507710673,0.928751847,0.521213263,0.135873016,0.185796248,0.140387682,0.047151277,0.279069767,1.140477594,0.0234375,4.640625,4.6171875,0.107150739
0.155867356,0.06009647,0.154450085,0.101624365,0.207749577,0.106125212,2.28142359,8.673052243,0.906637816,0.41899882,0.105177665,0.155867356,0.10214847,0.038910506,0.128205128,0.470947266,0.09765625,0.844726563,0.747070313,0.517715858
0.168052375,0.057331903,0.178330893,0.110688141,0.207437775,0.096749634,1.287735858,4.318074905,0.924868334,0.427081015,0.101669107,0.168052375,0.107049347,0.027210884,0.25,0.299045139,0.0078125,2.3125,2.3046875,0.13439681
0.194143342,0.065477388,0.224145078,0.130569948,0.24373057,0.113160622,1.896040082,6.592433738,0.892263643,0.44386748,0.232849741,0.194143342,0.109372112,0.022130014,0.266666667,0.275,0.140625,0.5,0.359375,0.352657005
0.211602455,0.029921614,0.212164948,0.192319588,0.23056701,0.038247423,1.892291274,5.581385944,0.843057111,0.156143075,0.215051546,0.211602455,0.175688592,0.04743083,0.277456647,1.574609375,0.0234375,8.484375,8.4609375,0.111396913
0.187495475,0.057107157,0.20045911,0.130157819,0.240631277,0.110473458,1.489011578,4.876358473,0.911963474,0.387642005,0.220143472,0.187495475,0.121052646,0.047477745,0.275862069,1.092087766,0.0234375,7.921875,7.8984375,0.060336301
0.16710528,0.074807149,0.190605854,0.107311096,0.222246426,0.11493533,3.10115379,27.28649751,0.949589534,0.652264978,0.05012934,0.16710528,0.087281373,0.01849711,0.231884058,2.1003125,0.0078125,5.3828125,5.375,0.385312846
0.185421947,0.027194133,0.186465083,0.172152628,0.199971202,0.027818575,2.438490108,8.348987626,0.827798708,0.170546748,0.199366451,0.185421947,0.1691086,0.016895459,0.235294118,1.120008681,0.1640625,6.546875,6.3828125,0.275782479
0.207189192,0.036005503,0.207930435,0.195269565,0.225947826,0.030678261,2.429532336,9.206336973,0.844252287,0.239364269,0.207930435,0.207189192,0.175135889,0.04729064,0.279069767,1.423076923,0.0234375,5.90625,5.8828125,0.154558238
0.1895152,0.061802273,0.209072848,0.126556291,0.246622517,0.120066225,1.761460048,5.898394836,0.896845151,0.358082406,0.250331126,0.1895152,0.126695697,0.047105005,0.274285714,1.468386628,0.0234375,6,5.9765625,0.155446623
0.128641752,0.070585388,0.128440367,0.076850153,0.173394495,0.096544343,3.506610166,33.5149494,0.96329227,0.746347544,0.120519878,0.128641752,0.134252368,0.016260163,0.23880597,0.405208333,0.0078125,4.3125,4.3046875,0.116488539
0.194471443,0.028986915,0.197927126,0.179562753,0.209489879,0.029927126,2.718412511,10.76209277,0.82896722,0.175994976,0.204728745,0.194471443,0.171801472,0.018691589,0.258064516,0.602822581,0.171875,6.5703125,6.3984375,0.103658793
0.229929333,0.035778399,0.235367847,0.223160763,0.250245232,0.027084469,2.464458558,8.789070974,0.833296551,0.21122717,0.22506812,0.229929333,0.181026185,0.047151277,0.279069767,1.350097656,0.0234375,10.5,10.4765625,0.093197071
0.176733399,0.072027335,0.205470588,0.161,0.223588235,0.062588235,3.353022024,22.39225645,0.926618275,0.550261825,0.050029412,0.176733399,0.146153887,0.016649324,0.253968254,0.179265203,0.0546875,0.875,0.8203125,0.169312169
0.180046395,0.029896467,0.175845411,0.166376812,0.187117552,0.020740741,3.152251148,12.98875504,0.802921477,0.184080667,0.170434783,0.180046395,0.149832832,0.047058824,0.279069767,0.590625,0.0234375,3.7734375,3.75,0.100390625
0.237496811,0.030858541,0.240694645,0.23015919,0.25447178,0.02431259,2.920371018,11.66256048,0.785997287,0.143739717,0.232185239,0.237496811,0.194933052,0.047105005,0.277456647,1.054245283,0.234375,8.9296875,8.6953125,0.085513451
0.226452461,0.031232913,0.224909747,0.213285199,0.246642599,0.033357401,2.385628306,8.707959806,0.812386254,0.153970469,0.222888087,0.226452461,0.196945184,0.051227321,0.279069767,1.213199013,0.0234375,9.3515625,9.328125,0.134142937
0.146511403,0.088300361,0.169704797,0.05295203,0.222656827,0.169704797,1.114939498,3.992317794,0.964291721,0.747200581,0.167380074,0.146511403,0.19587158,0.055555556,0.275862069,0.411931818,0.0078125,2.9765625,2.96875,0.109273183
0.200977031,0.057682577,0.219333333,0.148711111,0.2464,0.097688889,1.266135997,4.493444836,0.924650686,0.366638179,0.239866667,0.200977031,0.119180381,0.047337278,0.279069767,0.916903409,0.0234375,7.078125,7.0546875,0.058929252
0.194565219,0.057715589,0.217628205,0.13775641,0.240512821,0.10275641,2.033256759,7.846657126,0.907278275,0.369606314,0.237820513,0.194565219,0.124893941,0.048289738,0.279069767,1.907291667,0.0234375,8.484375,8.4609375,0.128702323
0.193460595,0.035204649,0.189960784,0.170928105,0.216313725,0.045385621,1.726277032,5.234422872,0.866444859,0.236552392,0.183372549,0.193460595,0.163218449,0.048192771,0.271186441,1.119977679,0.0234375,9,8.9765625,0.089659589
0.166235766,0.073348333,0.188343313,0.11261477,0.221037924,0.108423154,6.478941769,82.80953101,0.92545456,0.604048476,0.05001996,0.166235766,0.149100205,0.016666667,0.25,0.244791667,0.0546875,0.7734375,0.71875,0.379598662
0.182661661,0.074426613,0.205497526,0.168708081,0.231973612,0.063265531,2.819528159,18.13851176,0.936012548,0.605141471,0,0.182661661,0.186322636,0.027072758,0.262295082,0.365423387,0.0078125,1.3359375,1.328125,0.196078431
0.171958807,0.058045297,0.179304813,0.116042781,0.217860963,0.101818182,2.074881526,9.855412645,0.930058503,0.477425904,0.213368984,0.171958807,0.095896396,0.035874439,0.225352113,0.68984375,0.1015625,3.671875,3.5703125,0.174248532
0.166121774,0.063342536,0.139656863,0.1225,0.232647059,0.110147059,2.735791089,13.48855612,0.920830723,0.461825705,0.128848039,0.166121774,0.125440902,0.079365079,0.178571429,0.499378551,0.087890625,0.805664063,0.717773438,0.453968254
0.159905387,0.077485227,0.168106734,0.098551461,0.223964422,0.125412961,1.055362758,4.512376153,0.972912436,0.776356557,0.200304956,0.159905387,0.09279642,0.015952144,0.262295082,0.667689732,0.0078125,2.5703125,2.5625,0.264390244
0.179134628,0.068175021,0.174954248,0.127372549,0.245228758,0.117856209,1.289565733,4.024997621,0.941856432,0.578647275,0.251084967,0.179134628,0.136595204,0.048632219,0.277456647,1.345563616,0.0234375,8.90625,8.8828125,0.128812665
0.180395779,0.03860987,0.178684211,0.171578947,0.195526316,0.023947368,4.356238603,25.69181356,0.837863082,0.303457724,0.173684211,0.180395779,0.169672561,0.015984016,0.23880597,0.907407407,0.15625,6.890625,6.734375,0.114849188
0.238363862,0.033958351,0.24137931,0.227335423,0.258056426,0.030721003,2.030804677,6.1961801,0.811641935,0.152090761,0.253667712,0.238363862,0.180283842,0.046920821,0.275862069,0.8359375,0.0234375,10.640625,10.6171875,0.040961491
0.178993873,0.063050054,0.176,0.137142857,0.237142857,0.1,1.957718063,7.9098341,0.92660039,0.521834832,0.172,0.178993873,0.130524788,0.04719764,0.271186441,1.128551136,0.0234375,5.25,5.2265625,0.165470852
0.199614516,0.0598703,0.221973684,0.137697368,0.244539474,0.106842105,1.520912265,5.169779303,0.908795871,0.392241397,0.222894737,0.199614516,0.110384826,0.024767802,0.150943396,0.658203125,0.1328125,4.6484375,4.515625,0.116839677
0.198801928,0.037381057,0.207776366,0.183939009,0.218449809,0.034510801,2.790948255,12.18113103,0.846554003,0.255993824,0.212757306,0.198801928,0.191880756,0.049079755,0.228571429,0.3984375,0.1640625,3.9140625,3.75,0.112268519
0.183731622,0.036971142,0.189352518,0.167697842,0.201942446,0.034244604,2.441943977,8.837157301,0.852339414,0.268846571,0.190863309,0.183731622,0.158411774,0.016,0.242424242,0.807091346,0.0625,6.65625,6.59375,0.186364534
0.217509276,0.0413891,0.225561115,0.192337384,0.247977127,0.055639743,1.622663053,5.366086058,0.889606556,0.182677205,0.248177269,0.217509276,0.173333741,0.015732547,0.271186441,0.362792969,0.0078125,5.0625,5.0546875,0.073415765
0.190165893,0.031890558,0.194463554,0.176805897,0.204324324,0.027518428,2.708865748,10.25889273,0.835986375,0.21906299,0.195380835,0.190165893,0.17189023,0.020151134,0.246153846,0.578377016,0.1015625,6.359375,6.2578125,0.130586767
0.139332701,0.063610933,0.114607843,0.090816993,0.19879085,0.107973856,2.297272792,9.172248472,0.931106352,0.556354238,0.101797386,0.139332701,0.10551044,0.021563342,0.271186441,0.265269886,0.0078125,3.7578125,3.75,0.053958333
0.191013774,0.064323025,0.215548317,0.126471227,0.250206298,0.123735071,2.285893129,9.657677109,0.905222446,0.394866886,0.127079262,0.191013774,0.128816937,0.04719764,0.279069767,1.467447917,0.0234375,4.9453125,4.921875,0.143722944
0.203584985,0.054625815,0.226861314,0.155328467,0.24729927,0.091970803,1.366629903,4.522637553,0.89706965,0.279350918,0.24280292,0.203584985,0.1325074,0.046966732,0.275862069,0.67408288,0.0234375,3.5390625,3.515625,0.12
0.207135757,0.044209333,0.217187994,0.178704581,0.237535545,0.058830964,1.185087915,3.606767046,0.897876372,0.290709853,0.207014218,0.207135757,0.175712217,0.047105005,0.279069767,1.286132813,0.0234375,9.2578125,9.234375,0.163282572
0.192339818,0.058945356,0.200636943,0.14,0.241358811,0.101358811,0.926596076,3.045236371,0.930679363,0.425201229,0.272569002,0.192339818,0.13424415,0.046920821,0.279069767,1.714339718,0.0234375,8.8125,8.7890625,0.11545679
0.210423884,0.043686419,0.213047433,0.190669266,0.240155945,0.04948668,1.751324968,6.007351552,0.894808398,0.229518328,0.236335283,0.210423884,0.148035869,0.019975031,0.266666667,0.231971154,0.109375,0.359375,0.25,0.170138889
0.235667829,0.03556831,0.24006483,0.222366288,0.257763371,0.035397083,2.006332897,6.427612932,0.828406479,0.17718255,0.242787682,0.235667829,0.190730514,0.047477745,0.279069767,1.240513393,0.0234375,9.140625,9.1171875,0.087996836
0.183098304,0.033502632,0.182711864,0.170847458,0.195762712,0.024915254,2.751857756,10.92093359,0.833917499,0.239810079,0.182316384,0.183098304,0.17400933,0.07960199,0.216216216,0.205295139,0.1640625,0.3828125,0.21875,0.25210084
0.176985162,0.042534507,0.174951185,0.16167364,0.186276151,0.02460251,3.119440319,12.70221033,0.834588937,0.300902626,0.162454672,0.176985162,0.152717271,0.049230769,0.188235294,0.802083333,0.1640625,5.8359375,5.671875,0.233673635
0.206312235,0.054641792,0.218515815,0.162992701,0.257518248,0.094525547,3.957725499,34.3191654,0.911215179,0.257629435,0.090097324,0.206312235,0.073051326,0.015794669,0.197530864,0.159201389,0.09375,0.3828125,0.2890625,0.244471744
0.207960336,0.061352952,0.238038147,0.140381471,0.26626703,0.125885559,2.571208403,10.68332405,0.868951238,0.274106384,0.270463215,0.207960336,0.122591561,0.046966732,0.268156425,1.792220745,0.0234375,6.421875,6.3984375,0.161921412
0.184188485,0.043292281,0.175376344,0.159946237,0.206989247,0.047043011,2.407694152,9.043703699,0.881651727,0.340286159,0.167849462,0.184188485,0.155354032,0.050473186,0.277456647,1.273603723,0.0234375,8.390625,8.3671875,0.07394958
0.177653891,0.060755419,0.178442623,0.138852459,0.230081967,0.091229508,1.467351499,5.735114154,0.927167465,0.485663302,0.171557377,0.177653891,0.133118671,0.049792531,0.279069767,0.872544643,0.0234375,4.5703125,4.546875,0.171552835
0.18842533,0.043439094,0.191157601,0.170069735,0.212050209,0.041980474,2.11158376,6.948180753,0.887514424,0.327939437,0.187447699,0.18842533,0.1640095,0.04,0.219178082,1.474739583,0.1953125,6.03125,5.8359375,0.294511379
0.202575245,0.034812063,0.202902326,0.179590698,0.216576744,0.036986047,3.395912167,18.09972465,0.869633831,0.174493,0.204074419,0.202575245,0.152124648,0.043620178,0.277358491,2.190405273,0.107666016,20.45654297,20.34887695,0.078483245
0.192752288,0.045596506,0.197940975,0.189485244,0.210048044,0.0205628,3.788676212,19.14781203,0.852752487,0.330338066,0.19813315,0.192752288,0.189033178,0.023923445,0.222222222,0.469637784,0.200195313,0.786132813,0.5859375,0.727314815
0.166689475,0.060382798,0.174316163,0.111900533,0.216589698,0.104689165,1.251522317,4.783778084,0.941057827,0.497156381,0.183765542,0.166689475,0.093940737,0.02698145,0.155339806,0.604795259,0.09375,6.296875,6.203125,0.150503778
0.179981858,0.077964194,0.20427673,0.127085954,0.240377358,0.113291405,2.764670125,12.82215723,0.92742357,0.580274353,0.241551363,0.179981858,0.162258973,0.016842105,0.275862069,0.207331731,0.0546875,0.546875,0.4921875,0.30984127
0.183373877,0.058281256,0.165506073,0.133387314,0.236923077,0.103535762,1.123601059,3.599443259,0.916240525,0.386041304,0.161349528,0.183373877,0.129884596,0.04719764,0.277456647,1.068933824,0.0234375,4.5,4.4765625,0.115066899
0.209095152,0.058131961,0.234454713,0.146987061,0.257744917,0.110757856,1.717759308,5.761491536,0.886571338,0.277778296,0.254121996,0.209095152,0.12842294,0.053872054,0.271186441,0.659505208,0.0234375,5.390625,5.3671875,0.078893741
0.189496372,0.061773924,0.201542416,0.136760925,0.243650386,0.10688946,0.924130745,3.256364096,0.935801639,0.463262867,0.276041131,0.189496372,0.130267409,0.047012733,0.279069767,1.856617647,0.0234375,10.3828125,10.359375,0.103815302
0.233097836,0.036174387,0.238130841,0.225420561,0.249719626,0.024299065,3.166332565,14.53741194,0.804146082,0.179051921,0.240747664,0.233097836,0.199504982,0.04729064,0.279069767,1.233173077,0.234375,7.875,7.640625,0.09202454
0.152846475,0.070184566,0.174979989,0.115906232,0.200114351,0.084208119,2.314759307,8.840241559,0.953125234,0.714829575,0.200914808,0.152846475,0.179050678,0.016701461,0.271186441,0.801930147,0.0078125,6.1015625,6.09375,0.152924679
0.190170334,0.033516473,0.186100152,0.172078907,0.208194234,0.036115326,2.497351696,10.17434498,0.846355971,0.235168595,0.183975721,0.190170334,0.166762332,0.047666336,0.279069767,1.543457031,0.0234375,10.4296875,10.40625,0.142677561
0.216621254,0.042227757,0.228923885,0.200629921,0.239212598,0.038582677,3.610851702,20.50661997,0.852741102,0.283991435,0.235538058,0.216621254,0.158021484,0.048582996,0.279069767,2.228816106,0.0234375,9.9140625,9.890625,0.122416053
0.19040181,0.05290183,0.175445545,0.147722772,0.239207921,0.091485149,1.964236449,8.318117429,0.899798283,0.333411377,0.146534653,0.19040181,0.148943382,0.047856431,0.275862069,1.887784091,0.0234375,20.625,20.6015625,0.094732958
0.19338875,0.071863195,0.214202401,0.193870783,0.23997713,0.046106346,2.63204108,11.20427427,0.906136764,0.463989855,0.205877644,0.19338875,0.154121209,0.015825915,0.266666667,0.595578457,0.0078125,6.828125,6.8203125,0.141242094
0.167281421,0.077121526,0.192055427,0.113163972,0.236243264,0.123079292,1.836982641,6.508521899,0.954794928,0.702348528,0.220939184,0.167281421,0.111157283,0.01871345,0.222222222,1.095269097,0.0234375,5.8515625,5.828125,0.26690923
0.135681636,0.077021847,0.147956132,0.078165503,0.195134596,0.116969093,1.493024174,5.882677447,0.968273217,0.76628791,0.148793619,0.135681636,0.108887413,0.037914692,0.231884058,0.280838816,0.0234375,0.6875,0.6640625,0.288235294
0.123722281,0.098628446,0.166724806,0.009631783,0.211356589,0.201724806,34.72545327,1309.612887,0.81175381,0.430485558,0,0.123722281,0.119931285,0.017259978,0.202531646,0.0078125,0.0078125,0.0078125,0,0
0.155791036,0.072955158,0.158460278,0.101588862,0.215790336,0.114201474,1.107812057,4.410252585,0.9726165,0.779599755,0.107321867,0.155791036,0.118590378,0.033333333,0.275862069,0.424715909,0.0078125,3.0625,3.0546875,0.161856047
0.163938529,0.079085581,0.191072961,0.116967096,0.216309013,0.099341917,1.971270984,7.669632588,0.931116286,0.587657557,0.207095851,0.163938529,0.168650305,0.020050125,0.242424242,0.591619318,0.0078125,3.09375,3.0859375,0.277468354
0.193888966,0.041656349,0.197947333,0.192086428,0.206644159,0.014557731,4.384210637,24.55043876,0.817759671,0.266519103,0.196434841,0.193888966,0.195991461,0.185185185,0.212765957,0.549422554,0.205078125,0.786132813,0.581054688,0.66092437
0.202309618,0.036028271,0.197303922,0.189068627,0.216519608,0.02745098,3.975788561,23.92746806,0.846018179,0.235026106,0.190784314,0.202309618,0.178848699,0.047952048,0.277456647,1.687897246,0.0234375,8.296875,8.2734375,0.113528248
0.19679525,0.057779231,0.211868132,0.145494505,0.248351648,0.102857143,1.194814877,4.009128014,0.905941955,0.324611927,0.278241758,0.19679525,0.129766242,0.047524752,0.279069767,0.652434593,0.0234375,4.6171875,4.59375,0.102040816
0.174857232,0.039200239,0.169655172,0.15816092,0.196781609,0.03862069,3.199704232,15.85702691,0.860847893,0.317472011,0.16,0.174857232,0.168025757,0.081632653,0.228571429,0.5078125,0.15625,5.5,5.34375,0.126108281
0.157810877,0.060248782,0.132631579,0.110183599,0.218996328,0.108812729,3.807624313,22.98148591,0.905131921,0.431326354,0.113439412,0.157810877,0.123802498,0.036231884,0.27027027,0.483210637,0.073242188,0.810546875,0.737304688,0.618773395
0.20035138,0.058855279,0.22191248,0.138865478,0.251863857,0.112998379,2.012337415,7.724103579,0.905512731,0.32026654,0.257763371,0.20035138,0.122072617,0.047244094,0.277456647,1.1171875,0.0234375,8.0859375,8.0625,0.12388669
0.212020709,0.039700027,0.205333333,0.184333333,0.252777778,0.068444444,1.8585634,6.025653096,0.862227974,0.190612595,0.259777778,0.212020709,0.154452766,0.048,0.275862069,1.134566327,0.0234375,8.0390625,8.015625,0.086419753
0.18863689,0.064048348,0.21029106,0.125738046,0.23997921,0.114241164,1.444444045,4.918713886,0.925362829,0.445585633,0.115405405,0.18863689,0.1162977,0.021108179,0.25,0.65234375,0.0078125,6.015625,6.0078125,0.12536724
0.206026971,0.033222235,0.207761194,0.186865672,0.223880597,0.037014925,2.204024043,7.541215283,0.844000712,0.177502035,0.183283582,0.206026971,0.195909484,0.034115139,0.275862069,0.861979167,0.1796875,6.84375,6.6640625,0.18854172
0.137654743,0.084476597,0.133981016,0.072696817,0.222624232,0.149927415,3.999051671,42.12551564,0.93373752,0.5753546,0,0.137654743,0.148467075,0.039215686,0.271186441,0.280273438,0.0078125,4.453125,4.4453125,0.107740506
0.153896474,0.06837324,0.170757576,0.101287879,0.21,0.108712121,1.971270022,6.660418908,0.947456685,0.678546243,0.208939394,0.153896474,0.106672741,0.022284123,0.275862069,0.729073661,0.0390625,6.7265625,6.6875,0.178089304
0.19871761,0.058958558,0.217333333,0.143111111,0.252,0.108888889,1.116666148,3.56972489,0.917123476,0.36336885,0.227555556,0.19871761,0.139321565,0.050473186,0.279069767,0.792091837,0.0234375,4.96875,4.9453125,0.155766193
0.19479377,0.029255085,0.195301455,0.174054054,0.209417879,0.035363825,2.363810674,8.385497462,0.85191569,0.1192676,0.173326403,0.19479377,0.170847074,0.015701668,0.275862069,0.62890625,0.0078125,5.4296875,5.421875,0.144892731
0.225668322,0.033965821,0.23319403,0.204776119,0.248656716,0.043880597,2.046777839,7.169018575,0.843486616,0.182467409,0.23319403,0.225668322,0.175208557,0.047571853,0.274285714,1.412224265,0.0234375,17.625,17.6015625,0.08988016
0.179749589,0.034081928,0.174082397,0.167790262,0.18701623,0.019225968,4.997551484,34.13676428,0.8002275,0.223222936,0.173732834,0.179749589,0.164371027,0.015701668,0.225352113,0.898828125,0.1640625,6.625,6.4609375,0.139258364
0.177098438,0.033985036,0.17206951,0.160126382,0.186666667,0.026540284,2.988372214,12.4115693,0.83119847,0.246362912,0.167203791,0.177098438,0.147276514,0.047058824,0.260869565,1.305959302,0.0234375,7.3828125,7.359375,0.073411726
0.165899508,0.059150924,0.175230914,0.108727615,0.212441093,0.103713478,1.484594211,5.382208578,0.937855316,0.534495503,0.102921772,0.165899508,0.106505263,0.016913319,0.25,0.695870536,0.0078125,3.5390625,3.53125,0.210996395
0.200717124,0.062786487,0.230063694,0.135987261,0.259044586,0.123057325,1.601093907,4.531100471,0.871437129,0.258167142,0.267961783,0.200717124,0.120979897,0.047012733,0.279069767,0.667220745,0.0234375,3.515625,3.4921875,0.100372856
0.130483909,0.08146291,0.116764296,0.065411437,0.207168759,0.141757322,1.345414235,5.213894885,0.966638194,0.748405675,0.100948396,0.130483909,0.098337772,0.019230769,0.275862069,0.1540625,0.0078125,0.640625,0.6328125,0.260332797
0.203374923,0.061737948,0.215517774,0.159907264,0.256630603,0.096723338,1.956794622,8.044549314,0.927911318,0.527009114,0.25511592,0.203374923,0.112811787,0.018934911,0.219178082,1.226190476,0.078125,6.359375,6.28125,0.29176486
0.178261924,0.060959838,0.193181818,0.115909091,0.216818182,0.100909091,1.86059386,6.600878063,0.914654541,0.464356389,0.205454545,0.178261924,0.124655386,0.04719764,0.271186441,1.076489826,0.0234375,5.15625,5.1328125,0.120750888
0.145640705,0.077006409,0.137947214,0.087859238,0.211847507,0.12398827,2.111480565,11.53571611,0.964925488,0.739368357,0.059941349,0.145640705,0.103669506,0.015670911,0.275862069,0.920479911,0.0078125,5.4296875,5.421875,0.270946739
0.118012458,0.076185217,0.098021638,0.054095827,0.185440495,0.131344668,2.309560598,12.32044459,0.959287884,0.712753091,0.059938176,0.118012458,0.100263865,0.015841584,0.258064516,0.5228125,0.0078125,4.265625,4.2578125,0.192201835
0.200433686,0.061835291,0.232795389,0.13556196,0.254178674,0.118616715,1.665956998,5.035442778,0.875986273,0.258209578,0.244495677,0.200433686,0.118140473,0.047904192,0.274285714,1.2109375,0.0234375,12.1875,12.1640625,0.056815375
0.242081615,0.04266722,0.254632479,0.234051282,0.268512821,0.034461538,2.368357306,7.933227518,0.823537177,0.229494685,0.264205128,0.242081615,0.17970137,0.047151277,0.279069767,0.818080357,0.0234375,2.25,2.2265625,0.221883657
0.172754287,0.076902583,0.177736289,0.120070012,0.245367561,0.12529755,2.967765093,20.0781147,0.925539327,0.523081123,0.059953326,0.172754287,0.093573513,0.015763547,0.2,0.235877404,0.0078125,0.71875,0.7109375,0.235069279
0.217831792,0.037473095,0.217247259,0.198830694,0.245213155,0.04638246,1.930362597,6.837320154,0.867582005,0.19802296,0.220657734,0.217831792,0.168369877,0.048879837,0.279069767,1.587688578,0.0234375,10.6875,10.6640625,0.089518174
0.184187313,0.050418737,0.186423927,0.141274382,0.228296489,0.087022107,1.073867545,3.420227703,0.913538543,0.169765511,0.230117035,0.184187313,0.118520134,0.020645161,0.25,0.791015625,0.0078125,4.640625,4.6328125,0.21826066
0.164134559,0.060230312,0.171908586,0.108091414,0.219122915,0.111031501,2.954295696,14.33368166,0.901312455,0.385642297,0.106707844,0.164134559,0.104192098,0.013368984,0.222222222,0.429144965,0.004882813,0.795898438,0.791015625,0.554320988
0.208232073,0.033483023,0.214074844,0.186860707,0.231538462,0.044677755,2.569041905,10.79803799,0.86937998,0.160289772,0.226299376,0.208232073,0.186654177,0.023121387,0.258064516,0.799739583,0.171875,3.2421875,3.0703125,0.229270861
0.192988943,0.070569323,0.222415669,0.128269859,0.253188248,0.12491839,2.682817709,11.56679085,0.927718361,0.577478039,0.25562568,0.192988943,0.128908054,0.047337278,0.279069767,1.202205882,0.0234375,20.484375,20.4609375,0.055164639
0.190493803,0.044590085,0.195398773,0.171349693,0.223742331,0.052392638,1.931066041,6.082652491,0.875373045,0.339404119,0.225030675,0.190493803,0.145604034,0.047808765,0.275862069,1.866338315,0.0234375,8.8125,8.7890625,0.162095238
0.1456762,0.066908976,0.145363065,0.11670669,0.172738708,0.056032018,1.928249409,6.91077607,0.935388031,0.564340578,0.116546598,0.1456762,0.120920853,0.015763547,0.205128205,0.360625,0.0234375,5,4.9765625,0.062794349
0.197149721,0.045904061,0.198137128,0.182923674,0.22240621,0.039482536,2.118532976,7.591809924,0.876206984,0.316222248,0.192341527,0.197149721,0.175393751,0.047952048,0.277456647,0.85407839,0.0234375,8.0390625,8.015625,0.09271664
0.21193939,0.036627576,0.215716487,0.195439137,0.233836672,0.038397535,1.957280725,6.168897128,0.853033049,0.241734562,0.219167951,0.21193939,0.166112521,0.048632219,0.277456647,1.854980469,0.0234375,7.5234375,7.5,0.120639535
0.173451065,0.071939471,0.175941704,0.140784753,0.232443946,0.091659193,4.432652252,60.95324128,0.939583268,0.559729661,0,0.173451065,0.147770869,0.015763547,0.246153846,0.153545673,0.0078125,0.4453125,0.4375,0.200892857
0.221791813,0.039241245,0.22807418,0.196918688,0.244450785,0.047532097,1.862881711,6.10038346,0.855800487,0.220984616,0.194921541,0.221791813,0.150455147,0.047012733,0.279069767,1.306770833,0.0234375,9.140625,9.1171875,0.122172237
0.20771249,0.036119163,0.206436782,0.183448276,0.232183908,0.048735632,1.733364351,5.783949631,0.863357909,0.194762509,0.184367816,0.20771249,0.178549588,0.050955414,0.279069767,0.890625,0.0234375,7.1953125,7.171875,0.101216412
0.209199092,0.041990431,0.20987013,0.191168831,0.234285714,0.043116883,2.046064275,6.9077905,0.862944794,0.303689247,0.205194805,0.209199092,0.162562175,0.049331963,0.277456647,1.301398026,0.0234375,6.84375,6.8203125,0.138438881
0.196405992,0.06305863,0.215212766,0.181143617,0.238111702,0.056968085,1.892379171,6.777290567,0.924598543,0.536890004,0.229547872,0.196405992,0.166000104,0.015936255,0.271186441,0.209635417,0.0078125,0.4609375,0.453125,0.217980296
0.151283266,0.1102608,0.208732126,0.000266921,0.245567207,0.245300286,25.15253644,680.4858373,0.768258053,0.288360881,0,0.151283266,0.182116068,0.015984016,0.275862069,0.0078125,0.0078125,0.0078125,0,0
0.23918175,0.031724641,0.243034901,0.227314112,0.25875569,0.031441578,1.96206812,5.930571865,0.811534938,0.145052541,0.23198786,0.23918175,0.202356319,0.053571429,0.277456647,1.089557927,0.046875,9.28125,9.234375,0.088127468
0.167761538,0.05888337,0.15993403,0.125607477,0.200879604,0.075272128,2.531500396,11.50948543,0.923640119,0.485117754,0.126838922,0.167761538,0.132089064,0.018539977,0.253968254,1.048519737,0.0078125,6.84375,6.8359375,0.058373626
0.19158256,0.057748451,0.203681416,0.139752212,0.240353982,0.10060177,1.101605502,3.455071171,0.905459046,0.322392163,0.229946903,0.19158256,0.127910009,0.047105005,0.272727273,1.850360577,0.0234375,8.953125,8.9296875,0.131801092